"DATA","ABERTURA","FECHAMENTO","VARIAÇÃO","MÍNIMO","MÁXIMO","VOLUME"
"15/02/2022","10,56","10,61","1,24","10,50","10,65","249,08M"
"14/02/2022","10,54","10,48","-0,38","10,45","10,56","254,70M"
"11/02/2022","10,51","10,52","4,26","10,36","10,65","783,19M"
"10/02/2022","9,98","10,09","1,10","9,92","10,13","296,92M"
"09/02/2022","10,13","9,98","-1,67","9,94","10,15","381,04M"
"08/02/2022","10,12","10,15","0,20","10,04","10,18","147,82M"
"07/02/2022","10,25","10,13","-1,36","10,13","10,33","199,92M"
"04/02/2022","10,02","10,27","1,99","9,98","10,31","318,97M"
"03/02/2022","10,07","10,07","0,30","9,96","10,13","169,85M"
"02/02/2022","10,22","10,04","-1,67","9,99","10,22","268,30M"
"01/02/2022","10,17","10,21","0,20","10,15","10,26","152,95M"
"31/01/2022","10,05","10,19","1,19","10,00","10,26","282,16M"
"28/01/2022","9,94","10,07","1,00","9,88","10,09","188,89M"
"27/01/2022","9,88","9,97","1,32","9,87","10,10","214,97M"
"26/01/2022","9,78","9,84","1,03","9,72","9,90","289,37M"
"25/01/2022","9,50","9,74","2,53","9,44","9,78","249,21M"
"24/01/2022","9,54","9,50","-0,52","9,40","9,62","240,75M"
"21/01/2022","9,59","9,55","-0,62","9,51","9,71","256,48M"
"20/01/2022","9,65","9,61","-0,10","9,57","9,69","206,52M"
"19/01/2022","9,60","9,62","0,10","9,52","9,71","268,76M"
"18/01/2022","9,50","9,61","0,73","9,48","9,71","401,03M"
"17/01/2022","9,48","9,54","0,00","9,42","9,60","138,89M"
"14/01/2022","9,48","9,54","1,15","9,45","9,59","364,62M"
"13/01/2022","9,15","9,43","2,80","9,14","9,46","385,25M"
"12/01/2022","9,21","9,18","-0,32","9,08","9,31","285,44M"
"11/01/2022","9,05","9,20","1,63","8,98","9,22","342,39M"
"10/01/2022","9,03","9,06","0,00","8,96","9,10","196,06M"
"07/01/2022","8,95","9,06","1,21","8,89","9,07","193,02M"
"06/01/2022","8,86","8,95","0,89","8,83","9,02","211,02M"
"05/01/2022","8,93","8,87","-1,10","8,80","8,99","308,38M"
"04/01/2022","8,91","8,97","0,78","8,85","9,05","346,60M"
"03/01/2022","8,90","8,90","1,01","8,80","9,07","254,08M"
"30/12/2021","8,92","8,81","-1,11","8,78","8,94","205,79M"
"29/12/2021","8,96","8,91","-0,55","8,85","8,99","114,74M"
"28/12/2021","8,97","8,96","-0,11","8,91","9,03","112,66M"
"27/12/2021","8,88","8,97","1,11","8,84","8,97","136,97M"
"23/12/2021","8,86","8,87","0,22","8,79","8,90","106,82M"
"22/12/2021","8,81","8,85","0,34","8,73","8,86","133,27M"
"21/12/2021","8,95","8,82","-0,67","8,77","8,98","217,01M"
"20/12/2021","8,95","8,88","-0,94","8,78","8,96","227,88M"
"17/12/2021","9,09","8,96","-1,75","8,94","9,10","292,53M"
"16/12/2021","9,15","9,12","0,10","9,05","9,17","201,55M"
"15/12/2021","9,12","9,11","0,94","8,94","9,15","266,12M"
"14/12/2021","9,07","9,03","0,73","9,03","9,24","281,38M"
"13/12/2021","9,12","8,96","-1,44","8,96","9,19","263,96M"
"10/12/2021","9,13","9,09","0,21","9,01","9,18","124,12M"
"09/12/2021","9,31","9,08","-2,32","9,00","9,32","178,60M"
"08/12/2021","9,30","9,29","0,30","9,19","9,34","315,06M"
"07/12/2021","9,45","9,26","-0,90","9,24","9,46","206,31M"
"06/12/2021","9,26","9,35","1,22","9,24","9,46","218,68M"
"03/12/2021","9,26","9,24","-0,51","9,15","9,45","242,86M"
"02/12/2021","9,15","9,28","2,91","9,10","9,34","234,42M"
"01/12/2021","9,14","9,02","-0,31","9,02","9,27","285,60M"
"30/11/2021","9,19","9,05","-1,53","8,95","9,23","523,39M"
"29/11/2021","9,27","9,19","-0,10","9,15","9,31","178,38M"
"26/11/2021","9,25","9,20","-1,99","9,08","9,25","236,01M"
"25/11/2021","9,28","9,38","0,91","9,28","9,48","149,46M"
"24/11/2021","9,12","9,30","1,53","9,10","9,36","219,81M"
"23/11/2021","9,10","9,16","0,91","9,01","9,20","191,72M"
"22/11/2021","9,20","9,08","-1,00","9,04","9,24","251,92M"
"19/11/2021","9,18","9,17","-0,10","9,09","9,22","265,91M"
"18/11/2021","9,27","9,18","-0,70","9,07","9,29","290,58M"
"17/11/2021","9,31","9,24","-0,10","9,17","9,35","263,33M"
"16/11/2021","9,43","9,25","-1,86","9,22","9,49","220,98M"
"12/11/2021","9,43","9,43","-0,10","9,34","9,57","182,59M"
"11/11/2021","9,55","9,44","-0,29","9,40","9,59","201,13M"
"10/11/2021","9,27","9,46","2,29","9,23","9,57","325,07M"
"09/11/2021","9,39","9,25","-1,08","9,22","9,45","232,58M"
"08/11/2021","9,36","9,35","-0,20","9,28","9,47","218,94M"
"05/11/2021","9,55","9,37","-0,78","9,23","9,57","479,91M"
"04/11/2021","9,82","9,45","-3,30","9,39","9,85","348,23M"
"03/11/2021","9,62","9,77","0,86","9,61","9,90","352,27M"
"01/11/2021","n/d","9,69","2,54","9,50","9,77","256,57M"
"29/10/2021","9,67","9,45","-2,10","9,45","9,77","300,48M"
"28/10/2021","9,66","9,65","-0,48","9,54","9,76","227,29M"
"27/10/2021","9,69","9,69","0,48","9,68","9,90","193,14M"
"26/10/2021","9,81","9,65","-1,87","9,60","9,81","238,20M"
"25/10/2021","9,70","9,83","1,33","9,70","9,92","215,07M"
"22/10/2021","9,94","9,70","-2,86","9,37","9,94","630,04M"
"21/10/2021","10,07","9,99","-2,61","9,86","10,27","448,53M"
"20/10/2021","10,16","10,26","2,02","10,04","10,32","284,87M"
"19/10/2021","10,38","10,05","-3,71","9,99","10,38","450,26M"
"18/10/2021","10,27","10,44","1,07","10,17","10,48","243,21M"
"15/10/2021","10,17","10,33","1,54","10,14","10,37","291,48M"
"14/10/2021","10,25","10,17","-1,16","10,10","10,32","356,28M"
"13/10/2021","10,31","10,29","0,18","10,12","10,34","286,52M"
"11/10/2021","10,45","10,28","-1,50","10,25","10,49","306,90M"
"08/10/2021","10,32","10,43","1,52","10,31","10,58","400,92M"
"07/10/2021","10,48","10,28","-1,93","10,26","10,51","321,52M"
"06/10/2021","10,34","10,48","0,35","10,22","10,48","379,03M"
"05/10/2021","10,32","10,44","1,52","10,24","10,54","404,71M"
"04/10/2021","10,48","10,28","-2,27","10,19","10,52","353,44M"
"01/10/2021","10,36","10,52","2,51","10,28","10,57","378,03M"
"30/09/2021","10,43","10,27","-0,89","10,23","10,46","549,55M"
"29/09/2021","10,25","10,36","1,90","10,16","10,41","490,40M"
"28/09/2021","10,28","10,16","-1,96","10,14","10,52","668,78M"
"27/09/2021","10,14","10,37","2,55","10,04","10,41","462,59M"
"24/09/2021","10,16","10,11","-1,44","10,11","10,24","332,34M"
"23/09/2021","10,10","10,26","2,58","10,06","10,39","515,77M"
"22/09/2021","9,91","10,00","1,97","9,85","10,12","429,26M"
"21/09/2021","9,89","9,81","-0,47","9,81","9,95","356,42M"
"20/09/2021","9,84","9,85","-1,75","9,73","9,93","535,28M"
"17/09/2021","10,22","10,03","-2,16","10,02","10,23","482,08M"
"16/09/2021","10,11","10,25","0,54","10,05","10,25","707,57M"
"15/09/2021","10,25","10,19","0,00","10,12","10,25","216,45M"
"14/09/2021","10,28","10,19","-0,63","10,16","10,35","350,52M"
"13/09/2021","10,27","10,26","1,37","10,16","10,36","210,49M"
"10/09/2021","10,35","10,12","-1,44","10,09","10,39","216,20M"
"09/09/2021","10,10","10,27","2,01","9,95","10,32","563,59M"
"08/09/2021","10,51","10,06","-4,71","10,01","10,51","576,87M"
"06/09/2021","10,34","10,56","1,87","10,32","10,62","417,05M"
"03/09/2021","10,44","10,37","-0,18","10,25","10,49","682,55M"
"02/09/2021","10,68","10,39","-3,34","10,39","10,68","328,35M"
"01/09/2021","10,64","10,75","1,04","10,63","10,80","237,46M"
"31/08/2021","10,40","10,63","2,12","10,40","10,66","500,89M"
"30/08/2021","10,45","10,41","-0,70","10,35","10,48","151,91M"
"27/08/2021","n/d","10,49","1,79","10,27","10,52","193,34M"
"26/08/2021","10,50","10,30","-2,52","10,30","10,55","218,46M"
"25/08/2021","10,47","10,57","0,17","10,40","10,57","138,86M"
"24/08/2021","10,38","10,55","2,14","10,35","10,57","213,01M"
"23/08/2021","10,31","10,33","0,45","10,21","10,40","257,52M"
"20/08/2021","10,24","10,29","0,18","10,15","10,35","338,97M"
"19/08/2021","10,20","10,27","-0,80","10,18","10,45","278,01M"
"18/08/2021","10,33","10,35","0,27","10,23","10,58","637,74M"
"17/08/2021","10,42","10,32","-1,32","10,17","10,46","411,73M"
"16/08/2021","10,53","10,46","-0,87","10,40","10,66","218,43M"
"13/08/2021","10,49","10,55","0,61","10,33","10,56","304,94M"
"12/08/2021","10,62","10,49","-1,72","10,45","10,66","320,76M"
"11/08/2021","10,47","10,67","1,48","10,41","10,76","269,42M"
"10/08/2021","10,69","10,52","-0,78","10,41","10,69","253,68M"
"09/08/2021","10,56","10,60","0,44","10,54","10,70","220,86M"
"06/08/2021","10,38","10,55","1,86","10,31","10,57","271,61M"
"05/08/2021","10,40","10,36","0,27","10,25","10,51","280,61M"
"04/08/2021","10,50","10,33","-2,25","10,28","10,52","192,57M"
"03/08/2021","10,65","10,57","1,23","10,30","10,68","351,91M"
"02/08/2021","10,42","10,44","1,97","10,40","10,63","414,51M"
"30/07/2021","10,39","10,24","-2,36","10,20","10,59","292,16M"
"29/07/2021","10,53","10,49","-0,95","10,38","10,56","195,76M"
"28/07/2021","10,38","10,59","2,67","10,33","10,63","315,35M"
"27/07/2021","10,22","10,31","0,63","10,18","10,34","150,33M"
"26/07/2021","10,14","10,25","0,90","10,13","10,30","133,38M"
"23/07/2021","10,15","10,16","-0,09","10,08","10,21","126,29M"
"22/07/2021","10,25","10,17","-1,16","10,11","10,27","92,70M"
"21/07/2021","10,21","10,29","0,63","10,18","10,29","119,33M"
"20/07/2021","10,06","10,22","1,18","10,01","10,25","177,54M"
"19/07/2021","10,08","10,10","-0,81","10,00","10,15","171,66M"
"16/07/2021","10,34","10,19","-1,42","10,15","10,37","203,01M"
"15/07/2021","10,41","10,33","-0,79","10,24","10,48","202,13M"
"14/07/2021","10,52","10,41","0,18","10,40","10,67","337,85M"
"13/07/2021","10,34","10,40","-0,35","10,24","10,45","346,03M"
"12/07/2021","10,29","10,43","1,88","10,23","10,44","251,99M"
"08/07/2021","n/d","10,24","-0,53","10,09","10,33","667,01M"
"07/07/2021","10,20","10,30","1,72","10,13","10,30","214,96M"
"06/07/2021","10,13","10,12","-0,36","10,08","10,18","269,45M"
"05/07/2021","10,21","10,16","-1,33","10,15","10,24","119,70M"
"02/07/2021","10,32","10,30","0,54","10,18","10,35","253,44M"
"01/07/2021","10,22","10,24","0,18","10,13","10,25","263,79M"
"30/06/2021","10,28","10,22","-1,33","10,22","10,35","213,93M"
"29/06/2021","10,38","10,36","-0,53","10,27","10,41","257,16M"
"28/06/2021","10,52","10,41","-1,04","10,29","10,52","600,68M"
"25/06/2021","10,74","10,52","-2,38","10,46","10,79","539,78M"
"24/06/2021","10,82","10,78","0,34","10,63","10,83","246,59M"
"23/06/2021","10,85","10,74","-0,93","10,69","11,01","389,33M"
"22/06/2021","10,70","10,85","0,77","10,60","10,88","730,38M"
"21/06/2021","10,73","10,76","0,26","10,64","10,83","233,58M"
"18/06/2021","10,79","10,74","-0,93","10,62","10,84","345,78M"
"17/06/2021","11,02","10,84","-0,92","10,74","11,21","324,74M"
"16/06/2021","10,83","10,94","0,93","10,73","11,06","593,92M"
"15/06/2021","10,81","10,84","0,25","10,72","10,85","206,05M"
"14/06/2021","n/d","10,81","0,51","10,72","10,87","169,58M"
"11/06/2021","10,90","10,75","-1,59","10,68","10,92","225,03M"
"10/06/2021","11,05","10,93","-0,50","10,87","11,16","243,92M"
"09/06/2021","10,89","10,98","0,34","10,82","11,29","573,72M"
"08/06/2021","10,98","10,95","-0,91","10,80","11,02","395,02M"
"07/06/2021","10,88","11,05","1,26","10,81","11,13","424,24M"
"04/06/2021","10,63","10,91","2,23","10,63","10,94","466,93M"
"02/06/2021","10,37","10,67","3,28","10,30","10,68","662,11M"
"01/06/2021","9,98","10,33","3,97","9,97","10,33","397,18M"
"31/05/2021","9,97","9,94","-0,37","9,92","10,02","150,16M"
"28/05/2021","9,81","9,97","1,49","9,81","10,04","210,77M"
"27/05/2021","9,94","9,83","-1,29","9,78","9,96","579,10M"
"26/05/2021","9,91","9,96","0,93","9,90","10,01","211,10M"
"25/05/2021","9,93","9,86","-0,55","9,82","9,96","288,13M"
"24/05/2021","9,92","9,92","0,18","9,83","9,96","261,22M"
"21/05/2021","9,86","9,90","0,56","9,73","9,91","181,13M"
"20/05/2021","9,81","9,85","0,37","9,76","9,95","278,56M"
"19/05/2021","9,63","9,81","1,13","9,58","9,81","204,22M"
"18/05/2021","9,64","9,70","-0,28","9,64","9,78","182,55M"
"17/05/2021","9,69","9,73","0,09","9,54","9,73","269,52M"
"14/05/2021","9,63","9,72","2,01","9,54","9,76","319,00M"
"13/05/2021","9,37","9,53","1,76","9,37","9,62","361,36M"
"12/05/2021","9,46","9,36","-1,91","9,33","9,47","216,59M"
"11/05/2021","9,44","9,54","0,00","9,41","9,59","284,99M"
"10/05/2021","9,41","9,54","1,06","9,36","9,54","288,84M"
"07/05/2021","9,33","9,44","1,37","9,28","9,44","223,22M"
"06/05/2021","9,27","9,32","-0,10","9,22","9,36","230,93M"
"05/05/2021","9,11","9,33","2,92","9,02","9,33","319,97M"
"04/05/2021","9,37","9,06","-2,65","9,04","9,37","545,96M"
"03/05/2021","9,26","9,31","1,29","9,20","9,41","275,36M"
"30/04/2021","9,27","9,19","-0,98","9,14","9,33","395,56M"
"29/04/2021","9,49","9,28","-2,31","9,25","9,53","285,79M"
"28/04/2021","9,28","9,50","3,69","9,27","9,50","509,65M"
"27/04/2021","9,33","9,16","-2,14","9,16","9,39","220,60M"
"26/04/2021","9,42","9,36","-0,48","9,27","9,50","177,22M"
"23/04/2021","9,33","9,41","0,98","9,30","9,45","254,94M"
"22/04/2021","9,33","9,32","0,00","9,22","9,35","257,33M"
"20/04/2021","9,28","9,32","0,20","9,23","9,34","194,25M"
"19/04/2021","9,34","9,30","-0,97","9,23","9,39","220,08M"
"16/04/2021","9,27","9,39","0,39","9,27","9,45","173,30M"
"15/04/2021","9,36","9,35","0,00","9,25","9,44","236,46M"
"14/04/2021","9,32","9,35","1,79","9,22","9,46","315,60M"
"13/04/2021","9,24","9,19","-1,27","9,15","9,24","94,78M"
"12/04/2021","9,19","9,31","1,69","9,18","9,31","167,71M"
"09/04/2021","9,16","9,15","-0,49","9,13","9,25","230,43M"
"08/04/2021","9,25","9,20","-0,30","9,15","9,25","224,05M"
"07/04/2021","9,23","9,23","-0,10","9,17","9,31","208,37M"
"06/04/2021","9,31","9,23","-0,98","9,22","9,37","171,20M"
"05/04/2021","9,28","9,33","1,29","9,21","9,33","171,27M"
"01/04/2021","9,43","9,21","-2,13","9,18","9,43","196,54M"
"31/03/2021","9,47","9,41","-1,43","9,27","9,50","284,21M"
"30/03/2021","9,36","9,54","1,45","9,36","9,54","210,80M"
"29/03/2021","9,37","9,41","-0,39","9,27","9,47","169,65M"
"26/03/2021","9,28","9,44","1,17","9,27","9,46","199,14M"
"25/03/2021","9,12","9,33","2,09","9,07","9,33","228,68M"
"24/03/2021","9,37","9,14","-2,05","9,13","9,38","218,34M"
"23/03/2021","9,47","9,33","-2,47","9,33","9,59","201,35M"
"22/03/2021","9,43","9,57","0,77","9,31","9,60","283,85M"
"19/03/2021","9,59","9,50","-0,29","9,39","9,63","438,05M"
"18/03/2021","9,39","9,53","0,96","9,39","9,64","318,61M"
"17/03/2021","9,13","9,43","2,88","9,09","9,44","221,45M"
"16/03/2021","9,28","9,17","-1,47","9,10","9,34","178,01M"
"15/03/2021","9,23","9,31","0,30","9,19","9,36","148,94M"
"12/03/2021","9,24","9,28","-0,78","9,21","9,35","171,72M"
"11/03/2021","9,43","9,35","-0,29","9,20","9,51","266,65M"
"10/03/2021","9,16","9,38","2,79","9,03","9,38","386,70M"
"09/03/2021","9,12","9,13","0,90","8,94","9,28","264,34M"
"08/03/2021","9,23","9,04","-3,95","9,02","9,44","353,15M"
"05/03/2021","9,35","9,42","1,57","9,26","9,52","313,95M"
"04/03/2021","9,08","9,27","2,20","9,06","9,47","540,87M"
"03/03/2021","8,94","9,07","0,91","8,71","9,15","496,21M"
"02/03/2021","8,63","8,99","2,91","8,46","9,06","414,38M"
"01/03/2021","9,17","8,73","-3,12","8,73","9,22","371,02M"
"26/02/2021","9,17","9,02","-1,29","8,99","9,31","386,38M"
"25/02/2021","9,45","9,13","-3,26","9,12","9,53","458,58M"
"24/02/2021","9,61","9,44","-0,95","9,40","9,62","362,47M"
"23/02/2021","8,99","9,53","7,57","8,99","9,56","595,96M"
"22/02/2021","9,07","8,86","-4,58","8,85","8,96","593,53M"
"19/02/2021","9,38","9,29","-0,97","9,27","9,45","273,74M"
"18/02/2021","9,52","9,38","-1,80","9,38","9,61","419,11M"
"17/02/2021","9,61","9,55","-0,57","9,47","9,62","314,14M"
"12/02/2021","9,62","9,61","-0,38","9,49","9,67","208,53M"
"11/02/2021","9,69","9,64","0,19","9,60","9,76","143,23M"
"10/02/2021","9,69","9,62","-0,66","9,56","9,77","311,84M"
"09/02/2021","9,59","9,69","0,85","9,51","9,82","260,48M"
"08/02/2021","9,72","9,61","-1,49","9,59","9,74","251,29M"
"05/02/2021","9,82","9,75","-0,56","9,70","9,87","182,98M"
"04/02/2021","9,83","9,80","0,00","9,74","9,88","323,33M"
"03/02/2021","9,80","9,80","0,09","9,76","9,99","270,25M"
"02/02/2021","9,83","9,80","0,18","9,56","9,90","751,83M"
"01/02/2021","9,78","9,78","1,70","9,74","9,92","335,26M"
"29/01/2021","9,83","9,61","-3,28","9,61","9,94","301,14M"
"28/01/2021","9,57","9,94","3,68","9,57","9,96","260,47M"
"27/01/2021","9,60","9,59","-0,38","9,46","9,72","304,26M"
"26/01/2021","9,84","9,62","-2,21","9,55","10,02","396,40M"
"22/01/2021","9,80","9,84","-1,45","9,76","9,91","273,54M"
"21/01/2021","10,22","9,99","-2,05","9,96","10,25","412,80M"
"20/01/2021","10,37","10,19","-1,57","10,10","10,40","237,10M"
"19/01/2021","10,58","10,36","-1,55","10,26","10,63","238,15M"
"18/01/2021","10,63","10,52","0,17","10,45","10,68","182,72M"
"15/01/2021","10,74","10,50","-3,89","10,49","10,80","331,76M"
"14/01/2021","10,75","10,93","2,20","10,69","10,94","229,97M"
"13/01/2021","10,84","10,69","-1,00","10,55","10,92","280,04M"
"12/01/2021","10,76","10,80","0,76","10,69","10,84","216,47M"
"11/01/2021","10,88","10,72","-2,31","10,62","10,92","262,51M"
"08/01/2021","11,08","10,97","-0,25","10,87","11,17","285,94M"
"07/01/2021","10,59","11,00","3,84","10,52","11,05","435,38M"
"06/01/2021","10,37","10,59","2,18","10,32","10,71","327,41M"
"05/01/2021","10,38","10,37","-0,78","10,18","10,40","282,46M"
"04/01/2021","10,71","10,45","-1,53","10,34","10,71","409,42M"
"30/12/2020","10,75","10,61","-1,18","10,58","10,80","255,27M"
"29/12/2020","10,68","10,74","0,60","10,62","10,75","171,25M"
"28/12/2020","10,62","10,67","1,11","10,56","10,67","136,81M"
"23/12/2020","10,37","10,56","2,37","10,31","10,60","289,39M"
"22/12/2020","10,32","10,31","0,35","10,27","10,48","167,55M"
"21/12/2020","10,27","10,28","-1,73","10,17","10,44","228,68M"
"18/12/2020","10,54","10,46","-0,94","10,44","10,63","189,70M"
"17/12/2020","10,55","10,56","0,09","10,48","10,68","178,96M"
"16/12/2020","10,40","10,55","1,39","10,26","10,61","303,67M"
"15/12/2020","10,26","10,40","1,95","10,22","10,46","236,75M"
"14/12/2020","10,36","10,20","-1,14","10,20","10,40","169,86M"
"11/12/2020","10,23","10,32","0,09","10,15","10,36","161,30M"
"10/12/2020","10,11","10,31","2,04","10,10","10,34","389,66M"
"09/12/2020","10,02","10,11","-0,34","10,00","10,12","198,15M"
"08/12/2020","10,22","10,14","0,43","10,04","10,32","251,29M"
"07/12/2020","10,02","10,10","0,45","9,93","10,21","270,53M"
"04/12/2020","10,10","10,05","0,18","9,93","10,12","241,94M"
"03/12/2020","9,93","10,03","1,45","9,88","10,26","434,32M"
"02/12/2020","9,91","9,89","-0,09","9,78","9,97","194,29M"
"01/12/2020","9,64","9,90","4,54","9,59","9,98","391,46M"
"30/11/2020","9,73","9,47","-2,67","9,47","9,76","622,79M"
"27/11/2020","9,65","9,73","1,50","9,61","9,91","382,61M"
"26/11/2020","9,58","9,58","-0,74","9,47","9,62","270,04M"
"25/11/2020","9,76","9,66","-1,37","9,60","9,81","306,01M"
"24/11/2020","9,64","9,79","2,15","9,64","9,92","395,28M"
"23/11/2020","9,59","9,58","0,75","9,53","9,67","301,94M"
"20/11/2020","9,58","9,51","-0,84","9,45","9,64","250,79M"
"19/11/2020","9,60","9,59","0,19","9,55","9,71","326,88M"
"18/11/2020","9,70","9,58","-1,93","9,56","9,75","311,32M"
"17/11/2020","9,71","9,76","0,28","9,56","9,76","349,32M"
"16/11/2020","9,67","9,74","2,16","9,60","9,82","704,10M"
"13/11/2020","9,45","9,53","1,72","9,38","9,55","224,11M"
"12/11/2020","9,46","9,37","-1,23","9,26","9,56","288,46M"
"11/11/2020","9,60","9,49","-1,58","9,37","9,62","323,40M"
"10/11/2020","9,33","9,64","3,26","9,31","9,69","589,03M"
"09/11/2020","9,22","9,33","6,10","9,06","9,45","702,29M"
"06/11/2020","8,71","8,80","0,51","8,68","8,84","174,89M"
"05/11/2020","8,55","8,75","4,49","8,53","8,82","535,74M"
"04/11/2020","8,63","8,38","1,96","8,35","8,65","504,38M"
"03/11/2020","8,22","8,22","0,99","8,15","8,34","242,30M"
"30/10/2020","8,20","8,13","-1,52","8,07","8,26","266,71M"
"29/10/2020","8,20","8,26","0,55","7,98","8,29","293,26M"
"28/10/2020","8,39","8,22","-4,67","8,20","8,47","274,17M"
"27/10/2020","8,95","8,62","-2,83","8,58","9,01","275,22M"
"26/10/2020","8,81","8,87","0,71","8,70","8,91","207,71M"
"23/10/2020","8,90","8,81","-0,61","8,79","9,04","317,20M"
"22/10/2020","8,56","8,86","3,77","8,55","8,91","454,28M"
"21/10/2020","8,50","8,54","0,42","8,41","8,71","257,91M"
"20/10/2020","8,31","8,50","3,03","8,31","8,56","242,73M"
"19/10/2020","8,17","8,25","1,65","8,12","8,40","230,50M"
"16/10/2020","8,23","8,12","-1,94","8,11","8,26","253,06M"
"15/10/2020","8,22","8,28","-0,43","8,16","8,31","154,54M"
"14/10/2020","8,34","8,31","-0,32","8,27","8,39","156,06M"
"13/10/2020","8,41","8,34","-0,43","8,26","8,42","185,16M"
"09/10/2020","8,31","8,38","0,32","8,21","8,52","283,40M"
"08/10/2020","7,97","8,35","4,83","7,95","8,38","393,40M"
"07/10/2020","8,05","7,96","-0,89","7,95","8,07","163,58M"
"06/10/2020","8,10","8,04","0,23","7,96","8,18","215,30M"
"05/10/2020","7,99","8,02","0,45","7,87","8,06","245,89M"
"02/10/2020","7,94","7,98","0,23","7,91","8,21","202,83M"
"01/10/2020","7,92","7,96","1,14","7,84","7,98","177,53M"
"30/09/2020","7,95","7,88","-0,23","7,88","7,99","211,06M"
"29/09/2020","8,04","7,89","-1,67","7,88","8,05","196,51M"
"28/09/2020","8,19","8,03","-0,56","7,94","8,34","248,85M"
"25/09/2020","8,05","8,07","-0,11","7,99","8,12","113,45M"
"24/09/2020","7,92","8,08","2,62","7,88","8,20","210,55M"
"23/09/2020","8,00","7,88","-2,01","7,88","8,06","187,54M"
"22/09/2020","8,05","8,04","0,00","7,97","8,13","184,25M"
"21/09/2020","7,96","8,04","-0,11","7,87","8,05","305,78M"
"18/09/2020","8,24","8,05","-2,81","8,05","8,26","291,38M"
"17/09/2020","8,23","8,28","-0,11","8,19","8,35","236,36M"
"16/09/2020","8,32","8,29","0,00","8,26","8,45","238,76M"
"15/09/2020","8,49","8,29","-1,28","8,27","8,49","240,47M"
"14/09/2020","8,40","8,39","1,19","8,26","8,46","143,93M"
"11/09/2020","8,48","8,30","-2,01","8,25","8,49","210,13M"
"10/09/2020","8,65","8,47","-2,27","8,44","8,70","223,34M"
"09/09/2020","8,68","8,66","0,42","8,61","8,75","142,22M"
"08/09/2020","8,64","8,63","-1,33","8,56","8,70","194,44M"
"04/09/2020","8,83","8,74","-0,20","8,69","8,88","209,67M"
"03/09/2020","8,57","8,76","2,08","8,56","8,98","333,20M"
"02/09/2020","8,72","8,58","-1,33","8,53","8,73","215,83M"
"01/09/2020","8,54","8,70","3,07","8,52","8,70","216,71M"
"31/08/2020","8,71","8,44","-3,58","8,44","8,71","267,22M"
"28/08/2020","8,74","8,75","0,93","8,66","8,78","182,37M"
"27/08/2020","8,59","8,67","0,83","8,57","8,82","184,38M"
"26/08/2020","8,73","8,60","-1,44","8,48","8,74","200,20M"
"25/08/2020","8,86","8,73","-0,81","8,68","8,88","193,95M"
"24/08/2020","8,75","8,80","1,03","8,75","8,92","171,30M"
"21/08/2020","8,64","8,71","0,62","8,58","8,71","191,41M"
"20/08/2020","8,57","8,65","-0,62","8,52","8,73","273,26M"
"19/08/2020","8,82","8,71","-0,71","8,71","8,82","195,76M"
"18/08/2020","8,80","8,77","2,19","8,69","8,82","261,75M"
"17/08/2020","8,81","8,58","-3,02","8,52","8,83","306,82M"
"14/08/2020","8,83","8,85","0,71","8,77","8,96","192,88M"
"13/08/2020","9,06","8,79","-2,47","8,78","9,13","293,60M"
"12/08/2020","9,14","9,01","-0,88","8,89","9,16","323,20M"
"11/08/2020","9,29","9,09","-1,55","9,09","9,33","164,01M"
"10/08/2020","9,13","9,23","1,47","9,05","9,29","196,78M"
"07/08/2020","9,09","9,10","-1,07","9,03","9,35","314,66M"
"06/08/2020","9,11","9,20","1,18","9,04","9,25","219,90M"
"05/08/2020","9,22","9,09","-0,10","8,97","9,26","326,89M"
"04/08/2020","9,28","9,10","-4,58","9,03","9,44","560,30M"
"03/08/2020","9,56","9,54","0,28","9,38","9,71","247,87M"
"31/07/2020","9,77","9,51","-2,20","9,46","9,78","326,30M"
"30/07/2020","9,78","9,72","-1,98","9,59","9,83","329,98M"
"29/07/2020","9,87","9,92","2,30","9,72","9,95","247,38M"
"28/07/2020","9,76","9,70","-1,27","9,70","9,89","261,03M"
"27/07/2020","9,33","9,82","5,46","9,30","9,88","448,72M"
"24/07/2020","9,21","9,31","0,77","9,11","9,46","366,75M"
"23/07/2020","9,38","9,24","-1,43","9,22","9,43","277,41M"
"22/07/2020","9,42","9,38","0,00","9,29","9,57","638,38M"
"21/07/2020","9,36","9,38","0,96","9,33","9,47","248,82M"
"20/07/2020","9,18","9,29","1,46","9,11","9,34","250,29M"
"17/07/2020","9,08","9,15","1,18","9,05","9,21","190,09M"
"16/07/2020","9,09","9,05","-1,17","9,03","9,13","120,77M"
"15/07/2020","9,13","9,15","1,08","9,07","9,22","181,82M"
"14/07/2020","8,96","9,05","1,20","8,87","9,07","170,44M"
"13/07/2020","9,13","8,95","-1,67","8,95","9,20","185,92M"
"10/07/2020","9,05","9,10","0,10","8,97","9,14","130,29M"
"09/07/2020","9,08","9,09","0,29","8,97","9,13","208,34M"
"08/07/2020","8,98","9,06","1,80","8,95","9,11","198,73M"
"07/07/2020","9,16","8,90","-3,57","8,89","9,19","383,51M"
"06/07/2020","9,07","9,23","3,91","9,01","9,26","235,10M"
"03/07/2020","8,87","8,89","0,20","8,77","8,95","92,91M"
"02/07/2020","8,86","8,87","1,64","8,83","9,08","266,51M"
"01/07/2020","8,62","8,73","2,09","8,59","8,80","221,92M"
"30/06/2020","8,73","8,55","-3,04","8,54","8,78","332,31M"
"29/06/2020","8,68","8,81","2,38","8,61","8,82","388,40M"
"26/06/2020","8,76","8,61","-3,01","8,55","8,83","353,84M"
"25/06/2020","8,76","8,88","1,94","8,65","8,91","232,37M"
"24/06/2020","8,94","8,71","-2,88","8,67","8,96","273,57M"
"23/06/2020","9,16","8,97","-0,89","8,88","9,21","265,53M"
"22/06/2020","9,24","9,05","-2,50","8,95","9,27","300,81M"
"19/06/2020","9,30","9,28","1,56","9,10","9,33","376,48M"
"18/06/2020","8,81","9,13","3,22","8,79","9,22","275,24M"
"17/06/2020","8,74","8,85","1,74","8,70","8,97","237,45M"
"16/06/2020","8,81","8,70","2,09","8,60","8,84","193,29M"
"15/06/2020","8,43","8,52","-2,35","8,39","8,67","253,06M"
"12/06/2020","8,64","8,73","-2,39","8,51","8,80","404,51M"
"10/06/2020","9,36","8,94","-3,19","8,92","9,36","361,05M"
"09/06/2020","9,07","9,23","-0,39","8,97","9,38","294,08M"
"08/06/2020","9,06","9,27","3,59","9,05","9,31","258,49M"
"05/06/2020","9,17","8,95","1,21","8,91","9,44","434,56M"
"04/06/2020","8,68","8,84","1,12","8,58","8,94","376,30M"
"03/06/2020","8,80","8,74","2,83","8,72","8,90","422,22M"
"02/06/2020","8,18","8,50","5,18","8,15","8,54","299,61M"
"01/06/2020","7,88","8,08","2,60","7,81","8,15","311,93M"
"29/05/2020","7,97","7,88","-1,56","7,81","7,98","436,14M"
"28/05/2020","8,07","8,00","-1,21","8,00","8,19","165,65M"
"27/05/2020","8,08","8,10","2,13","7,99","8,14","212,31M"
"26/05/2020","8,27","7,93","-3,46","7,85","8,39","381,07M"
"25/05/2020","8,16","8,22","4,29","8,05","8,22","176,12M"
"22/05/2020","7,65","7,88","1,95","7,57","8,02","336,26M"
"21/05/2020","7,36","7,73","5,34","7,36","7,75","308,98M"
"20/05/2020","7,35","7,34","0,12","7,29","7,42","181,80M"
"19/05/2020","7,56","7,33","-3,51","7,29","7,58","273,70M"
"18/05/2020","7,50","7,59","4,91","7,35","7,63","309,46M"
"15/05/2020","7,51","7,24","-4,46","7,24","7,59","222,94M"
"14/05/2020","7,20","7,58","3,65","6,97","7,60","423,22M"
"13/05/2020","7,35","7,31","0,49","7,09","7,38","320,00M"
"12/05/2020","7,48","7,27","-2,85","7,26","7,55","272,59M"
"11/05/2020","7,54","7,49","-0,83","7,49","7,74","204,49M"
"08/05/2020","7,55","7,55","2,41","7,50","7,75","254,64M"
"07/05/2020","7,82","7,37","-4,71","7,33","7,85","409,85M"
"06/05/2020","7,92","7,74","-2,36","7,69","7,95","197,51M"
"05/05/2020","7,82","7,92","2,41","7,76","8,07","312,20M"
"04/05/2020","7,74","7,74","-3,33","7,67","7,77","184,85M"
"30/04/2020","7,95","8,00","-2,81","7,86","8,12","243,43M"
"29/04/2020","8,41","8,23","-0,22","8,11","8,47","248,05M"
"28/04/2020","8,09","8,25","7,04","8,05","8,31","282,72M"
"27/04/2020","7,73","7,71","3,22","7,58","7,94","218,69M"
"24/04/2020","7,75","7,47","-4,98","7,26","7,76","436,34M"
"23/04/2020","8,04","7,86","-1,34","7,78","8,08","255,06M"
"22/04/2020","8,00","7,97","-0,12","7,89","8,14","219,68M"
"20/04/2020","7,97","7,98","-1,86","7,91","8,09","162,99M"
"17/04/2020","8,22","8,13","1,33","7,97","8,26","195,80M"
"16/04/2020","8,37","8,02","-3,01","8,00","8,45","254,42M"
"15/04/2020","8,38","8,27","-3,13","8,27","8,53","210,41M"
"14/04/2020","8,58","8,54","1,16","8,49","8,79","181,81M"
"13/04/2020","8,19","8,44","2,70","8,06","8,44","141,82M"
"09/04/2020","8,40","8,22","-0,86","8,20","8,54","194,69M"
"08/04/2020","8,03","8,29","3,90","7,95","8,41","249,47M"
"07/04/2020","8,08","7,98","2,99","7,98","8,29","346,73M"
"06/04/2020","7,58","7,75","7,40","7,56","7,85","209,22M"
"03/04/2020","7,38","7,21","-3,11","7,03","7,38","208,37M"
"02/04/2020","7,36","7,44","1,33","7,31","7,61","165,38M"
"01/04/2020","7,56","7,35","-5,81","7,34","7,56","252,83M"
"31/03/2020","7,83","7,80","-0,57","7,66","7,99","364,36M"
"30/03/2020","7,62","7,84","3,77","7,53","7,89","248,86M"
"27/03/2020","7,66","7,56","-5,35","7,56","7,86","256,76M"
"26/03/2020","7,70","7,99","4,30","7,70","8,10","332,24M"
"25/03/2020","7,17","7,66","6,69","7,12","7,94","372,37M"
"24/03/2020","7,17","7,18","7,17","7,06","7,48","317,77M"
"23/03/2020","7,47","6,70","-9,39","6,62","7,51","347,73M"
"20/03/2020","8,07","7,39","-5,14","7,36","8,14","414,46M"
"19/03/2020","7,82","7,79","-3,42","7,39","8,08","480,75M"
"18/03/2020","7,96","8,07","-4,93","7,61","8,27","449,04M"
"17/03/2020","8,32","8,48","4,83","8,07","8,89","504,07M"
"16/03/2020","8,14","8,09","-10,78","8,09","8,71","426,31M"
"13/03/2020","9,34","9,07","10,03","8,24","9,39","504,42M"
"12/03/2020","8,22","8,24","-10,87","8,07","8,76","431,37M"
"11/03/2020","9,68","9,25","-5,97","8,78","9,78","412,46M"
"10/03/2020","10,07","9,83","2,12","9,59","10,29","462,99M"
"09/03/2020","9,74","9,63","-6,31","9,53","9,78","437,37M"
"06/03/2020","10,27","10,28","-2,28","10,15","10,44","353,83M"
"05/03/2020","10,82","10,52","-3,04","10,39","10,85","271,03M"
"04/03/2020","10,92","10,85","0,58","10,69","10,93","188,80M"
"03/03/2020","10,88","10,79","-1,46","10,61","11,02","344,71M"
"02/03/2020","10,71","10,95","2,67","10,65","10,96","260,72M"
"28/02/2020","10,53","10,66","1,18","10,39","10,69","504,95M"
"27/02/2020","10,63","10,54","-1,66","10,54","10,82","461,54M"
"26/02/2020","10,88","10,71","-5,78","10,65","10,99","450,46M"
"21/02/2020","11,29","11,37","-0,23","11,16","11,37","203,41M"
"20/02/2020","11,51","11,40","-0,67","11,33","11,55","287,90M"
"19/02/2020","11,35","11,47","1,14","11,31","11,59","472,40M"
"18/02/2020","11,19","11,35","1,46","11,08","11,35","881,86M"
"17/02/2020","11,27","11,18","0,00","11,18","11,33","115,74M"
"14/02/2020","11,31","11,18","-1,29","11,18","11,33","150,19M"
"13/02/2020","11,41","11,33","-1,50","11,29","11,49","158,90M"
"12/02/2020","11,46","11,50","0,68","11,40","11,62","339,76M"
"11/02/2020","11,37","11,42","1,76","11,26","11,52","334,59M"
"10/02/2020","11,05","11,23","2,03","10,97","11,32","236,92M"
"07/02/2020","11,01","11,00","-0,23","10,96","11,15","217,20M"
"06/02/2020","11,26","11,03","-1,01","11,00","11,26","172,77M"
"05/02/2020","11,23","11,14","0,54","11,11","11,35","284,34M"
"04/02/2020","11,19","11,08","0,23","11,06","11,23","145,23M"
"03/02/2020","11,08","11,05","-0,08","11,02","11,16","154,35M"